-- WebbiOS Seed Data (VI)

-- ROLES
INSERT INTO wb_roles (id, name, slug, description, is_system) VALUES
('01KTC8SHPBHMMYPX59P7JZK347', 'Chủ sở hữu', 'owner', 'Toàn quyền. Không thể xóa hoặc thu hồi quyền.', 1),
('01KTC8SHPC6GVDB08GP8SMTSXT', 'Quản trị viên', 'admin', 'Gần toàn quyền. Không thể quản lý Owner.', 1),
('01KTC8SHPCQHQKBGZ8C7J63B66', 'Nhân viên', 'staff', 'Xem/xử lý tác vụ theo quyền được gán.', 1),
('01KTC8SHPC47KN8B8SKT3P9SKD', 'Khách hàng', 'customer', 'Tài khoản khách hàng đăng ký từ storefront.', 1);

-- PERMISSIONS
INSERT INTO wb_permissions (id, slug, name, group_name, sort_order) VALUES
('01KTC8SHPDKY3ACDGPSYXTS5RD', 'dashboard:view', 'Xem tổng quan', 'dashboard', 1),
('01KTC8SHPDN3Z4JGB85MVVTFX9', 'settings:view', 'Xem cài đặt', 'settings', 1),
('01KTC8SHPD3VGDZEMKYQ102JV6', 'settings:edit', 'Sửa cài đặt', 'settings', 2),
('01KTC8SHPD45R3HBT0E0P8VN2P', 'users:view', 'Xem người dùng', 'users', 1),
('01KTC8SHPDCGPQNYJKMTCMN5JQ', 'users:manage', 'Quản lý người dùng', 'users', 2),
('01KTC8SHPDAJC8AGVNBY8BVJD0', 'media:view', 'Xem thư viện media', 'media', 1),
('01KTC8SHPDXSQAT9R4M9KVBC84', 'media:upload', 'Upload file', 'media', 2),
('01KTC8SHPDKSA6697CQEER9M41', 'media:delete', 'Xóa file', 'media', 3),
('01KTC8SHPD2FSYDPA26TDEGJ3Q', 'apps:view', 'Xem ứng dụng', 'apps', 1),
('01KTC8SHPD3FC4Y5AXV1XRYMNC', 'apps:manage', 'Cài đặt/Gỡ ứng dụng', 'apps', 2),
('01KTC8SHPDCX1MHPBW7Y85T58Q', 'api_keys:view', 'Xem API keys', 'api_keys', 1),
('01KTC8SHPDEB0E8T8MCF1RM0N0', 'api_keys:manage', 'Quản lý API keys', 'api_keys', 2),
('01KTC8SHPDY0Q366R6PYA3A5X7', 'roles:view', 'Xem vai trò', 'system', 1),
('01KTC8SHPDJ72S77XDM5HQX6BP', 'roles:manage', 'Quản lý vai trò', 'system', 2),
('01KTC8SHPDR0JX55QEZFQRMX30', 'permissions:view', 'Xem quyền', 'system', 3),
('01KTC8SHPDN7W4RY8321DWMGHE', 'permissions:manage', 'Quản lý quyền', 'system', 4),
('01KTC8SHPETDNE7YTVP4GM548Q', 'menus:view', 'Xem menu', 'system', 5),
('01KTC8SHPE2P1X444D2SFCW3NB', 'menus:manage', 'Quản lý menu', 'system', 6),
('01KTC8SHPEX9VNZQM30N5WV6NX', 'audit:view', 'Xem nhật ký hoạt động', 'audit', 1);

-- ROLE PERMISSIONS
INSERT INTO wb_role_permissions (role_id, permission_id) VALUES
('01KTC8SHPBHMMYPX59P7JZK347', '01KTC8SHPDKY3ACDGPSYXTS5RD'),
('01KTC8SHPC6GVDB08GP8SMTSXT', '01KTC8SHPDKY3ACDGPSYXTS5RD'),
('01KTC8SHPCQHQKBGZ8C7J63B66', '01KTC8SHPDKY3ACDGPSYXTS5RD'),
('01KTC8SHPBHMMYPX59P7JZK347', '01KTC8SHPDN3Z4JGB85MVVTFX9'),
('01KTC8SHPC6GVDB08GP8SMTSXT', '01KTC8SHPDN3Z4JGB85MVVTFX9'),
('01KTC8SHPCQHQKBGZ8C7J63B66', '01KTC8SHPDN3Z4JGB85MVVTFX9'),
('01KTC8SHPBHMMYPX59P7JZK347', '01KTC8SHPD3VGDZEMKYQ102JV6'),
('01KTC8SHPC6GVDB08GP8SMTSXT', '01KTC8SHPD3VGDZEMKYQ102JV6'),
('01KTC8SHPBHMMYPX59P7JZK347', '01KTC8SHPD45R3HBT0E0P8VN2P'),
('01KTC8SHPC6GVDB08GP8SMTSXT', '01KTC8SHPD45R3HBT0E0P8VN2P'),
('01KTC8SHPCQHQKBGZ8C7J63B66', '01KTC8SHPD45R3HBT0E0P8VN2P'),
('01KTC8SHPBHMMYPX59P7JZK347', '01KTC8SHPDCGPQNYJKMTCMN5JQ'),
('01KTC8SHPBHMMYPX59P7JZK347', '01KTC8SHPDAJC8AGVNBY8BVJD0'),
('01KTC8SHPC6GVDB08GP8SMTSXT', '01KTC8SHPDAJC8AGVNBY8BVJD0'),
('01KTC8SHPCQHQKBGZ8C7J63B66', '01KTC8SHPDAJC8AGVNBY8BVJD0'),
('01KTC8SHPBHMMYPX59P7JZK347', '01KTC8SHPDXSQAT9R4M9KVBC84'),
('01KTC8SHPC6GVDB08GP8SMTSXT', '01KTC8SHPDXSQAT9R4M9KVBC84'),
('01KTC8SHPBHMMYPX59P7JZK347', '01KTC8SHPDKSA6697CQEER9M41'),
('01KTC8SHPC6GVDB08GP8SMTSXT', '01KTC8SHPDKSA6697CQEER9M41'),
('01KTC8SHPBHMMYPX59P7JZK347', '01KTC8SHPD2FSYDPA26TDEGJ3Q'),
('01KTC8SHPC6GVDB08GP8SMTSXT', '01KTC8SHPD2FSYDPA26TDEGJ3Q'),
('01KTC8SHPCQHQKBGZ8C7J63B66', '01KTC8SHPD2FSYDPA26TDEGJ3Q'),
('01KTC8SHPBHMMYPX59P7JZK347', '01KTC8SHPD3FC4Y5AXV1XRYMNC'),
('01KTC8SHPC6GVDB08GP8SMTSXT', '01KTC8SHPD3FC4Y5AXV1XRYMNC'),
('01KTC8SHPBHMMYPX59P7JZK347', '01KTC8SHPDCX1MHPBW7Y85T58Q'),
('01KTC8SHPC6GVDB08GP8SMTSXT', '01KTC8SHPDCX1MHPBW7Y85T58Q'),
('01KTC8SHPCQHQKBGZ8C7J63B66', '01KTC8SHPDCX1MHPBW7Y85T58Q'),
('01KTC8SHPBHMMYPX59P7JZK347', '01KTC8SHPDEB0E8T8MCF1RM0N0'),
('01KTC8SHPC6GVDB08GP8SMTSXT', '01KTC8SHPDEB0E8T8MCF1RM0N0'),
('01KTC8SHPBHMMYPX59P7JZK347', '01KTC8SHPDY0Q366R6PYA3A5X7'),
('01KTC8SHPC6GVDB08GP8SMTSXT', '01KTC8SHPDY0Q366R6PYA3A5X7'),
('01KTC8SHPCQHQKBGZ8C7J63B66', '01KTC8SHPDY0Q366R6PYA3A5X7'),
('01KTC8SHPBHMMYPX59P7JZK347', '01KTC8SHPDJ72S77XDM5HQX6BP'),
('01KTC8SHPC6GVDB08GP8SMTSXT', '01KTC8SHPDJ72S77XDM5HQX6BP'),
('01KTC8SHPBHMMYPX59P7JZK347', '01KTC8SHPDR0JX55QEZFQRMX30'),
('01KTC8SHPC6GVDB08GP8SMTSXT', '01KTC8SHPDR0JX55QEZFQRMX30'),
('01KTC8SHPCQHQKBGZ8C7J63B66', '01KTC8SHPDR0JX55QEZFQRMX30'),
('01KTC8SHPBHMMYPX59P7JZK347', '01KTC8SHPDN7W4RY8321DWMGHE'),
('01KTC8SHPC6GVDB08GP8SMTSXT', '01KTC8SHPDN7W4RY8321DWMGHE'),
('01KTC8SHPBHMMYPX59P7JZK347', '01KTC8SHPETDNE7YTVP4GM548Q'),
('01KTC8SHPC6GVDB08GP8SMTSXT', '01KTC8SHPETDNE7YTVP4GM548Q'),
('01KTC8SHPCQHQKBGZ8C7J63B66', '01KTC8SHPETDNE7YTVP4GM548Q'),
('01KTC8SHPBHMMYPX59P7JZK347', '01KTC8SHPE2P1X444D2SFCW3NB'),
('01KTC8SHPC6GVDB08GP8SMTSXT', '01KTC8SHPE2P1X444D2SFCW3NB'),
('01KTC8SHPBHMMYPX59P7JZK347', '01KTC8SHPEX9VNZQM30N5WV6NX'),
('01KTC8SHPC6GVDB08GP8SMTSXT', '01KTC8SHPEX9VNZQM30N5WV6NX'),
('01KTC8SHPCQHQKBGZ8C7J63B66', '01KTC8SHPEX9VNZQM30N5WV6NX');

-- MENUS
INSERT INTO wb_menus (id, parent_id, label, icon, path, permission_slug, position, is_system, translations) VALUES
('01KTC8SHPEESPJEDSK19MG72VC', NULL, 'Tổng quan', 'Home', '/', 'dashboard:view', 1, 1, '{"isCategory":false}'),
('01KTC8SHPEV0W5WEHBHW506XY4', NULL, 'Thư viện media', 'Image', '/media', 'media:view', 2, 1, '{"isCategory":false}'),
('01KTC8SHPE2JKWW09BPE5ZS2XB', NULL, 'HỆ THỐNG', NULL, '', NULL, 10, 1, '{"vi":"HỆ THỐNG","en":"SYSTEM","isCategory":true}'),
('01KTC8SHPFVKGC64CS0K0487H0', '01KTC8SHPE2JKWW09BPE5ZS2XB', 'Người dùng', 'Users', '/users', 'users:view', 11, 1, '{"isCategory":false}'),
('01KTC8SHPFKJZJXYE03SFYXQMQ', '01KTC8SHPE2JKWW09BPE5ZS2XB', 'Menu', 'Menu', '/system/menus', 'menus:view', 12, 1, '{"isCategory":false}'),
('01KTC8SHPF5ACGYR0CRHRNVGVY', '01KTC8SHPE2JKWW09BPE5ZS2XB', 'Vai trò', 'Shield', '/system/roles', 'roles:view', 13, 1, '{"isCategory":false}'),
('01KTC8SHPG28BX293S61TPY8V5', '01KTC8SHPE2JKWW09BPE5ZS2XB', 'Phân quyền', 'Lock', '/system/permissions', 'permissions:view', 14, 1, '{"isCategory":false}'),
('01KTC8SHPGRCS9ZVBJ0YP6AZ6Z', '01KTC8SHPE2JKWW09BPE5ZS2XB', 'Nhật ký', 'FileText', '/audit', 'audit:view', 15, 1, '{"isCategory":false}'),
('01KTC8SHPG2K192J880B4J2B4W', '01KTC8SHPE2JKWW09BPE5ZS2XB', 'Cài đặt', 'Settings', '/settings', 'settings:view', 16, 1, '{"isCategory":false}'),
('01KTC8SHPG2BNWZFZRN7HEKA0D', '01KTC8SHPE2JKWW09BPE5ZS2XB', 'API Keys', 'Key', '/api-keys', 'api_keys:view', 17, 1, '{"isCategory":false}'),
('01KTC8SHPEW5CV3VW84PM3ZHKJ', NULL, 'WEBBIOS', NULL, '', NULL, 20, 1, '{"vi":"WEBBIOS","en":"WEBBIOS","isCategory":true}'),
('01KTC8SHPGWRM08FJBTBMJ47NJ', '01KTC8SHPEW5CV3VW84PM3ZHKJ', 'Bản quyền', 'Circle', '/webbios/licenses', NULL, 21, 1, '{"isCategory":false}'),
('01KTC8SHPGA1DPRJ2JM2R54AYP', '01KTC8SHPEW5CV3VW84PM3ZHKJ', 'Cập nhật', 'CloudUpload', '/webbios/updates', NULL, 22, 1, '{"isCategory":false}');

-- ADMIN USER
INSERT INTO wb_users (id, email, password_hash, first_name, last_name, role_id, status) VALUES
('01KTC8SHPGE9DV1PGZ6JKJ90B8', 'admin@webbios.local', '79cc643099214bc7f013265f6f2a757e:4241edfa8e52f23dd86e79dc386ee0f902eb61a83641ba0a1c64a620fb2fd21f', 'Webbi', 'Admin', '01KTC8SHPBHMMYPX59P7JZK347', 'active');

-- SETTINGS
INSERT INTO wb_settings ("key", "value", group_name) VALUES
('site.name', '"My WebbiOS Site"', 'site'),
('site.description', '"Powered by WebbiOS"', 'site'),
('site.locale', '"vi"', 'site'),
('site.timezone', '"Asia/Ho_Chi_Minh"', 'site'),
('site.currency', '"VND"', 'site'),
('system.version', '"2.0.0"', 'system');

